"filename", "language", "TypeScript", "JSON", "JSON with Comments", "Markdown", "vue", "CSS", "comment", "blank", "total"
"c:\Repositories\npmrungame\.devlog\to-do.md", "Markdown", 0, 0, 0, 9, 0, 0, 0, 3, 12
"c:\Repositories\npmrungame\README.md", "Markdown", 0, 0, 0, 51, 0, 0, 0, 22, 73
"c:\Repositories\npmrungame\app\app.vue", "vue", 0, 0, 0, 0, 59, 0, 0, 9, 68
"c:\Repositories\npmrungame\app\assets\css\admin.css", "CSS", 0, 0, 0, 0, 0, 185, 0, 31, 216
"c:\Repositories\npmrungame\app\assets\css\admin_blogs.css", "CSS", 0, 0, 0, 0, 0, 30, 0, 4, 34
"c:\Repositories\npmrungame\app\assets\css\blogs.css", "CSS", 0, 0, 0, 0, 0, 672, 7, 97, 776
"c:\Repositories\npmrungame\app\assets\css\completed_games.css", "CSS", 0, 0, 0, 0, 0, 219, 6, 34, 259
"c:\Repositories\npmrungame\app\assets\css\contact.css", "CSS", 0, 0, 0, 0, 0, 36, 0, 5, 41
"c:\Repositories\npmrungame\app\assets\css\discover.css", "CSS", 0, 0, 0, 0, 0, 35, 0, 6, 41
"c:\Repositories\npmrungame\app\assets\css\error.css", "CSS", 0, 0, 0, 0, 0, 15, 0, 2, 17
"c:\Repositories\npmrungame\app\assets\css\footer.css", "CSS", 0, 0, 0, 0, 0, 16, 0, 2, 18
"c:\Repositories\npmrungame\app\assets\css\game_detail.css", "CSS", 0, 0, 0, 0, 0, 39, 0, 7, 46
"c:\Repositories\npmrungame\app\assets\css\main.css", "CSS", 0, 0, 0, 0, 0, 659, 1, 135, 795
"c:\Repositories\npmrungame\app\assets\css\navbar.css", "CSS", 0, 0, 0, 0, 0, 121, 2, 26, 149
"c:\Repositories\npmrungame\app\assets\css\recommended_games.css", "CSS", 0, 0, 0, 0, 0, 50, 0, 11, 61
"c:\Repositories\npmrungame\app\assets\css\target_2026_games.css", "CSS", 0, 0, 0, 0, 0, 49, 0, 8, 57
"c:\Repositories\npmrungame\app\assets\css\to_play_games.css", "CSS", 0, 0, 0, 0, 0, 49, 0, 7, 56
"c:\Repositories\npmrungame\app\components\admin\Blogs.vue", "vue", 0, 0, 0, 0, 1130, 0, 16, 126, 1272
"c:\Repositories\npmrungame\app\components\admin\Completed_Games.vue", "vue", 0, 0, 0, 0, 854, 0, 21, 101, 976
"c:\Repositories\npmrungame\app\components\admin\Current_Games.vue", "vue", 0, 0, 0, 0, 594, 0, 21, 91, 706
"c:\Repositories\npmrungame\app\components\admin\Dashboard.vue", "vue", 0, 0, 0, 0, 760, 0, 18, 78, 856
"c:\Repositories\npmrungame\app\components\admin\Notificiations.vue", "vue", 0, 0, 0, 0, 213, 0, 13, 32, 258
"c:\Repositories\npmrungame\app\components\admin\Recommended_Games.vue", "vue", 0, 0, 0, 0, 810, 0, 21, 91, 922
"c:\Repositories\npmrungame\app\components\admin\Registered_Users_Messages.vue", "vue", 0, 0, 0, 0, 295, 0, 4, 49, 348
"c:\Repositories\npmrungame\app\components\admin\Settings.vue", "vue", 0, 0, 0, 0, 21, 0, 0, 4, 25
"c:\Repositories\npmrungame\app\components\admin\Target_2026_Games.vue", "vue", 0, 0, 0, 0, 717, 0, 18, 85, 820
"c:\Repositories\npmrungame\app\components\admin\To_Play_Games.vue", "vue", 0, 0, 0, 0, 1161, 0, 32, 129, 1322
"c:\Repositories\npmrungame\app\components\common\Admin_Blog_List.vue", "vue", 0, 0, 0, 0, 89, 0, 2, 11, 102
"c:\Repositories\npmrungame\app\components\common\Admin_Game_List.vue", "vue", 0, 0, 0, 0, 110, 0, 4, 14, 128
"c:\Repositories\npmrungame\app\components\common\Admin_Game_Table.vue", "vue", 0, 0, 0, 0, 105, 0, 3, 15, 123
"c:\Repositories\npmrungame\app\components\common\Animated_Text.vue", "vue", 0, 0, 0, 0, 111, 0, 0, 15, 126
"c:\Repositories\npmrungame\app\components\common\Animated_Title.vue", "vue", 0, 0, 0, 0, 36, 0, 0, 7, 43
"c:\Repositories\npmrungame\app\components\common\Auth_Dialog.vue", "vue", 0, 0, 0, 0, 450, 0, 2, 57, 509
"c:\Repositories\npmrungame\app\components\common\Back_To_Admin.vue", "vue", 0, 0, 0, 0, 81, 0, 0, 15, 96
"c:\Repositories\npmrungame\app\components\common\Blog_Card.vue", "vue", 0, 0, 0, 0, 74, 0, 6, 12, 92
"c:\Repositories\npmrungame\app\components\common\FAQ.vue", "vue", 0, 0, 0, 0, 82, 0, 5, 7, 94
"c:\Repositories\npmrungame\app\components\common\Game_Card.vue", "vue", 0, 0, 0, 0, 211, 0, 5, 23, 239
"c:\Repositories\npmrungame\app\components\common\Game_Detail.vue", "vue", 0, 0, 0, 0, 569, 0, 22, 59, 650
"c:\Repositories\npmrungame\app\components\common\Game_Genres.vue", "vue", 0, 0, 0, 0, 47, 0, 0, 5, 52
"c:\Repositories\npmrungame\app\components\common\Loading.vue", "vue", 0, 0, 0, 0, 62, 0, 0, 6, 68
"c:\Repositories\npmrungame\app\components\common\Scroll_To_Top.vue", "vue", 0, 0, 0, 0, 79, 0, 0, 14, 93
"c:\Repositories\npmrungame\app\components\common\Steam_Achievements.vue", "vue", 0, 0, 0, 0, 106, 0, 3, 11, 120
"c:\Repositories\npmrungame\app\components\common\Timeline.vue", "vue", 0, 0, 0, 0, 109, 0, 4, 14, 127
"c:\Repositories\npmrungame\app\components\layout\Anim_Recommend_Game.vue", "vue", 0, 0, 0, 0, 122, 0, 1, 24, 147
"c:\Repositories\npmrungame\app\components\layout\Bg_Anim.vue", "vue", 0, 0, 0, 0, 170, 0, 1, 24, 195
"c:\Repositories\npmrungame\app\components\layout\Contact_Section.vue", "vue", 0, 0, 0, 0, 179, 0, 0, 30, 209
"c:\Repositories\npmrungame\app\components\layout\Footer.vue", "vue", 0, 0, 0, 0, 110, 0, 3, 9, 122
"c:\Repositories\npmrungame\app\components\layout\Navbar.vue", "vue", 0, 0, 0, 0, 213, 0, 2, 23, 238
"c:\Repositories\npmrungame\app\components\user\User_Completed_Games.vue", "vue", 0, 0, 0, 0, 428, 0, 5, 48, 481
"c:\Repositories\npmrungame\app\components\user\User_Target_2026_Games.vue", "vue", 0, 0, 0, 0, 425, 0, 5, 48, 478
"c:\Repositories\npmrungame\app\components\user\User_To_Play_Games.vue", "vue", 0, 0, 0, 0, 415, 0, 5, 48, 468
"c:\Repositories\npmrungame\app\composables\core\basicFunc.ts", "TypeScript", 21, 0, 0, 0, 0, 0, 2, 4, 27
"c:\Repositories\npmrungame\app\composables\core\interfaces.ts", "TypeScript", 127, 0, 0, 0, 0, 0, 1, 27, 155
"c:\Repositories\npmrungame\app\composables\data\handleData.ts", "TypeScript", 241, 0, 0, 0, 0, 0, 4, 49, 294
"c:\Repositories\npmrungame\app\composables\data\headerTables.ts", "TypeScript", 71, 0, 0, 0, 0, 0, 0, 6, 77
"c:\Repositories\npmrungame\app\composables\data\useGameCollectionStatus.ts", "TypeScript", 49, 0, 0, 0, 0, 0, 0, 10, 59
"c:\Repositories\npmrungame\app\error.vue", "vue", 0, 0, 0, 0, 17, 0, 0, 4, 21
"c:\Repositories\npmrungame\app\layouts\Admin.vue", "vue", 0, 0, 0, 0, 7, 0, 0, 1, 8
"c:\Repositories\npmrungame\app\layouts\Contact_Layout.vue", "vue", 0, 0, 0, 0, 18, 0, 0, 5, 23
"c:\Repositories\npmrungame\app\layouts\Default.vue", "vue", 0, 0, 0, 0, 22, 0, 0, 6, 28
"c:\Repositories\npmrungame\app\pages\about\index.vue", "vue", 0, 0, 0, 0, 110, 0, 5, 15, 130
"c:\Repositories\npmrungame\app\pages\admin\index.vue", "vue", 0, 0, 0, 0, 456, 0, 10, 53, 519
"c:\Repositories\npmrungame\app\pages\auth\steam\callback.vue", "vue", 0, 0, 0, 0, 122, 0, 0, 21, 143
"c:\Repositories\npmrungame\app\pages\blogs\[_blog].vue", "vue", 0, 0, 0, 0, 184, 0, 0, 41, 225
"c:\Repositories\npmrungame\app\pages\blogs\index.vue", "vue", 0, 0, 0, 0, 436, 0, 6, 51, 493
"c:\Repositories\npmrungame\app\pages\completed-games\index.vue", "vue", 0, 0, 0, 0, 451, 0, 8, 54, 513
"c:\Repositories\npmrungame\app\pages\contact\index.vue", "vue", 0, 0, 0, 0, 13, 0, 0, 3, 16
"c:\Repositories\npmrungame\app\pages\discover\[_game].vue", "vue", 0, 0, 0, 0, 167, 0, 1, 31, 199
"c:\Repositories\npmrungame\app\pages\discover\index.vue", "vue", 0, 0, 0, 0, 295, 0, 8, 57, 360
"c:\Repositories\npmrungame\app\pages\game-detail\[_game].vue", "vue", 0, 0, 0, 0, 16, 0, 0, 2, 18
"c:\Repositories\npmrungame\app\pages\index.vue", "vue", 0, 0, 0, 0, 755, 0, 20, 87, 862
"c:\Repositories\npmrungame\app\pages\profile\[id].vue", "vue", 0, 0, 0, 0, 596, 0, 10, 63, 669
"c:\Repositories\npmrungame\app\pages\recommend-games\index.vue", "vue", 0, 0, 0, 0, 417, 0, 6, 72, 495
"c:\Repositories\npmrungame\app\pages\to-play-games\index.vue", "vue", 0, 0, 0, 0, 382, 0, 6, 48, 436
"c:\Repositories\npmrungame\app\plugins\2.auth.client.ts", "TypeScript", 49, 0, 0, 0, 0, 0, 6, 8, 63
"c:\Repositories\npmrungame\app\plugins\firebase.client.ts", "TypeScript", 25, 0, 0, 0, 0, 0, 0, 6, 31
"c:\Repositories\npmrungame\app\plugins\persistedstate.client.ts", "TypeScript", 5, 0, 0, 0, 0, 0, 1, 2, 8
"c:\Repositories\npmrungame\app\plugins\supabase.client.ts", "TypeScript", 13, 0, 0, 0, 0, 0, 0, 4, 17
"c:\Repositories\npmrungame\app\store\notifications.ts", "TypeScript", 89, 0, 0, 0, 0, 0, 2, 16, 107
"c:\Repositories\npmrungame\app\store\queryStore.ts", "TypeScript", 15, 0, 0, 0, 0, 0, 0, 4, 19
"c:\Repositories\npmrungame\app\store\store.ts", "TypeScript", 93, 0, 0, 0, 0, 0, 1, 4, 98
"c:\Repositories\npmrungame\app\store\votes.ts", "TypeScript", 18, 0, 0, 0, 0, 0, 0, 5, 23
"c:\Repositories\npmrungame\app\utils\Admin.ts", "TypeScript", 43, 0, 0, 0, 0, 0, 0, 2, 45
"c:\Repositories\npmrungame\app\utils\Feature_Card.ts", "TypeScript", 43, 0, 0, 0, 0, 0, 0, 2, 45
"c:\Repositories\npmrungame\app\utils\Footer_Links.ts", "TypeScript", 63, 0, 0, 0, 0, 0, 0, 3, 66
"c:\Repositories\npmrungame\app\utils\Game_Categories_List.ts", "TypeScript", 8, 0, 0, 0, 0, 0, 0, 1, 9
"c:\Repositories\npmrungame\app\utils\Game_Genres.ts", "TypeScript", 59, 0, 0, 0, 0, 0, 0, 2, 61
"c:\Repositories\npmrungame\app\utils\Navbar_List.ts", "TypeScript", 33, 0, 0, 0, 0, 0, 0, 2, 35
"c:\Repositories\npmrungame\app\utils\UserDashboard.ts", "TypeScript", 22, 0, 0, 0, 0, 0, 0, 2, 24
"c:\Repositories\npmrungame\nuxt.config.ts", "TypeScript", 83, 0, 0, 0, 0, 0, 0, 2, 85
"c:\Repositories\npmrungame\package-lock.json", "JSON", 0, 13442, 0, 0, 0, 0, 0, 1, 13443
"c:\Repositories\npmrungame\package.json", "JSON", 0, 35, 0, 0, 0, 0, 0, 1, 36
"c:\Repositories\npmrungame\server\api\admin\admin-credential.get.ts", "TypeScript", 7, 0, 0, 0, 0, 0, 0, 2, 9
"c:\Repositories\npmrungame\server\api\contact.post.ts", "TypeScript", 47, 0, 0, 0, 0, 0, 0, 12, 59
"c:\Repositories\npmrungame\server\api\game-details.get.ts", "TypeScript", 16, 0, 0, 0, 0, 0, 0, 4, 20
"c:\Repositories\npmrungame\server\api\game-screenshots.get.ts", "TypeScript", 21, 0, 0, 0, 0, 0, 0, 4, 25
"c:\Repositories\npmrungame\server\api\games-by-filter.get.ts", "TypeScript", 47, 0, 0, 0, 0, 0, 0, 12, 59
"c:\Repositories\npmrungame\server\api\games.get.ts", "TypeScript", 48, 0, 0, 0, 0, 0, 4, 15, 67
"c:\Repositories\npmrungame\server\api\search-games.get.ts", "TypeScript", 22, 0, 0, 0, 0, 0, 0, 6, 28
"c:\Repositories\npmrungame\server\api\steam\owned-games.get.ts", "TypeScript", 30, 0, 0, 0, 0, 0, 0, 7, 37
"c:\Repositories\npmrungame\server\api\steam\player-achievements.get.ts", "TypeScript", 31, 0, 0, 0, 0, 0, 0, 7, 38
"c:\Repositories\npmrungame\server\api\steam\player-summary.get.ts", "TypeScript", 30, 0, 0, 0, 0, 0, 0, 7, 37
"c:\Repositories\npmrungame\server\api\youtube-channel-infos.get.ts", "TypeScript", 24, 0, 0, 0, 0, 0, 0, 5, 29
"c:\Repositories\npmrungame\tsconfig.custom.json", "JSON", 0, 8, 0, 0, 0, 0, 0, 0, 8
"c:\Repositories\npmrungame\tsconfig.json", "JSON with Comments", 0, 0, 20, 0, 0, 0, 0, 1, 21
"c:\Repositories\npmrungame\types\vanta.d.ts", "TypeScript", 5, 0, 0, 0, 0, 0, 0, 1, 6
"Total", "-", 1498, 13485, 20, 60, 15461, 2175, 359, 2594, 35652